rank,c,delta,p,chi,net_vol_pct,conditioned_windows,min_rank
1,0.4,1.25,0.1,0.9,4.093672089844104,0,10
2,0.3,1.25,0.1,0.9,4.095189278221637,0,10
3,0.6,1.25,0.1,0.9,4.097542756640357,0,10
4,0.5,1.25,0.1,0.9,4.105378845689813,0,10
5,0.2,1.25,0.1,0.9,4.11108221324754,0,10
6,0.6,1.5,0.1,0.9,4.111518782951759,0,10
7,0.5,1.5,0.1,0.9,4.117101041394314,0,10
8,0.0,1.5,0.1,0.9,4.117265089080867,0,10
9,0.2,1.5,0.1,0.9,4.131406999525294,0,10
10,0.6,1.25,0.2,0.9,4.136021541401004,0,10
11,0.1,1.5,0.1,0.9,4.136771429316135,0,10
12,0.7,1.5,0.1,0.9,4.137043795795271,0,10
13,0.7,1.25,0.1,0.9,4.13809162008842,0,10
14,0.4,1.5,0.1,0.9,4.1426674663233225,0,10
15,0.3,1.5,0.1,0.9,4.149634167735024,0,10
16,0.0,1.25,0.0,0.9,4.1539264636685775,4,9
17,0.1,1.25,0.0,0.9,4.1539264636685775,4,9
18,0.2,1.25,0.0,0.9,4.1539264636685775,4,9
19,0.3,1.25,0.0,0.9,4.1539264636685775,4,9
20,0.4,1.25,0.0,0.9,4.1539264636685775,4,9
21,0.5,1.25,0.0,0.9,4.1539264636685775,4,9
22,0.6,1.25,0.0,0.9,4.1539264636685775,4,9
23,0.7,1.25,0.0,0.9,4.1539264636685775,4,9
24,0.6,1.5,0.2,0.9,4.158886047052062,0,10
25,0.6,1.25,0.25,0.9,4.166418766612614,0,10
26,0.1,1.25,0.1,0.9,4.172286352833657,0,10
27,0.0,1.75,0.1,0.9,4.1879742317342785,0,10
28,0.6,2.0,0.2,0.9,4.189275074586658,0,10
29,0.6,1.5,0.25,0.9,4.189522722293706,0,10
30,0.7,1.25,0.2,0.9,4.1898544320324165,0,10
31,0.7,1.5,0.2,0.9,4.192181202598818,0,10
32,0.1,2.0,0.1,0.9,4.197213390251796,0,10
33,0.1,1.75,0.1,0.9,4.199038487438451,0,10
34,0.6,1.25,0.3,0.9,4.200289889108221,0,10
35,0.5,1.25,0.2,0.9,4.201351621345879,0,10
36,0.6,2.25,0.2,0.9,4.206003969898036,0,10
37,0.0,1.25,0.1,0.9,4.207972260487848,0,10
38,0.7,2.5,0.1,0.9,4.208214622332364,0,10
39,0.6,2.0,0.25,0.9,4.210152346371787,0,10
40,0.0,2.0,0.1,0.9,4.210403562793295,0,10
41,0.2,2.0,0.1,0.9,4.214124955160193,0,10
42,0.6,2.25,0.1,0.9,4.214286477503519,0,10
43,0.4,1.25,0.2,0.9,4.217570528204125,0,10
44,0.7,1.5,0.25,0.9,4.218534656189977,0,10
45,0.6,1.5,0.3,0.9,4.2197478383682805,0,10
46,0.7,1.25,0.25,0.9,4.220337500237465,0,10
47,0.5,1.5,0.2,0.9,4.22039717696091,0,10
48,0.0,2.25,0.1,0.9,4.22060527272351,1,9
49,0.1,2.25,0.1,0.9,4.220960100129819,0,10
50,0.6,2.0,0.1,0.9,4.222803997070759,0,10
51,0.6,2.25,0.25,0.9,4.2350958633308275,0,10
52,0.6,2.0,0.3,0.9,4.2365338460274415,0,10
53,0.2,1.75,0.1,0.9,4.237509829793671,0,10
54,0.6,2.5,0.1,0.9,4.240298068691286,0,10
55,0.2,2.25,0.1,0.9,4.24124934197234,3,9
56,0.7,2.0,0.2,0.9,4.242097250832538,0,10
57,0.7,1.5,0.3,0.9,4.246072204301182,0,10
58,0.7,2.25,0.1,0.9,4.2473216485239105,0,10
59,0.3,2.0,0.1,0.9,4.247618085820357,0,10
60,0.5,2.0,0.1,0.9,4.24990787447878,0,10
61,0.7,2.25,0.2,0.9,4.2500309219380705,0,10
62,0.7,2.0,0.1,0.9,4.25016930045043,0,10
63,0.7,1.25,0.3,0.9,4.251857281673497,0,10
64,0.7,2.75,0.1,0.9,4.252795278057067,0,10
65,0.7,0.75,0.9,0.9,4.253847253281223,0,10
66,0.0,2.5,0.1,0.9,4.255061594893076,9,9
67,0.7,2.0,0.25,0.9,4.257031302643197,0,10
68,0.7,1.75,0.2,0.9,4.257931971347945,0,10
69,0.3,1.75,0.1,0.9,4.258913250464847,0,10
70,0.6,2.75,0.1,0.9,4.261668518675889,0,10
71,0.7,1.75,0.25,0.9,4.262588445234707,0,10
72,0.3,1.25,0.2,0.9,4.268436018491893,0,10
73,0.6,2.25,0.3,0.9,4.268860766543008,0,10
74,0.7,2.5,0.2,0.9,4.26886679402129,0,10
75,0.7,1.75,0.3,0.9,4.2722714208071455,0,10
76,0.3,2.25,0.1,0.9,4.275813752583625,2,9
77,0.6,1.0,0.1,0.9,4.276462395000074,0,10
78,0.0,1.0,0.0,0.9,4.2766586345733995,0,10
79,0.1,1.0,0.0,0.9,4.2766586345733995,0,10
80,0.2,1.0,0.0,0.9,4.2766586345733995,0,10
81,0.3,1.0,0.0,0.9,4.2766586345733995,0,10
82,0.4,1.0,0.0,0.9,4.2766586345733995,0,10
83,0.5,1.0,0.0,0.9,4.2766586345733995,0,10
84,0.6,1.0,0.0,0.9,4.2766586345733995,0,10
85,0.7,1.0,0.0,0.9,4.2766586345733995,0,10
86,0.6,2.5,0.2,0.9,4.276924593955353,0,10
87,0.4,1.5,0.2,0.9,4.277193096469064,0,10
88,0.7,2.0,0.3,0.9,4.277865318344511,0,10
89,0.6,1.25,0.4,0.9,4.278277846094136,0,10
90,0.7,2.25,0.25,0.9,4.27918857646596,0,10
91,0.6,1.75,0.2,0.9,4.27933484307944,0,10
92,0.0,1.5,0.0,0.9,4.279594784357234,22,8
93,0.1,1.5,0.0,0.9,4.279594784357234,22,8
94,0.2,1.5,0.0,0.9,4.279594784357234,22,8
95,0.3,1.5,0.0,0.9,4.279594784357234,22,8
96,0.4,1.5,0.0,0.9,4.279594784357234,22,8
97,0.5,1.5,0.0,0.9,4.279594784357234,22,8
98,0.6,1.5,0.0,0.9,4.279594784357234,22,8
99,0.7,1.5,0.0,0.9,4.279594784357234,22,8
100,0.6,1.0,0.2,0.9,4.280645352150298,0,10
101,0.6,1.0,0.25,0.9,4.282594213252621,0,10
102,0.6,1.5,0.4,0.9,4.2836051419333065,0,10
103,0.6,1.75,0.25,0.9,4.285112424492334,0,10
104,0.5,1.25,0.25,0.9,4.285335342934788,0,10
105,0.7,1.75,0.1,0.9,4.287983120250887,0,10
106,0.6,1.0,0.3,0.9,4.290771935128193,0,10
107,0.5,1.5,0.25,0.9,4.294306959578796,0,10
108,0.6,1.75,0.3,0.9,4.29517023207607,0,10
109,0.7,3.0,0.1,0.9,4.296473963021437,0,10
110,0.5,2.25,0.1,0.9,4.297538492527392,0,10
111,0.1,2.5,0.1,0.9,4.29772908955309,4,9
112,0.7,1.5,0.4,0.9,4.298980986020787,0,10
113,0.7,2.5,0.25,0.9,4.3005753413704735,0,10
114,0.6,1.75,0.1,0.9,4.300657022974359,0,10
115,0.7,0.75,0.8,0.9,4.302139508507612,0,10
116,0.6,2.5,0.25,0.9,4.302264526069077,0,10
117,0.7,2.25,0.3,0.9,4.302371553519112,0,10
118,0.4,1.25,0.25,0.9,4.303586128695292,0,10
119,0.7,1.25,0.4,0.9,4.308594857128182,0,10
120,0.6,2.0,0.4,0.9,4.309008807838957,0,10
121,0.3,2.5,0.1,0.9,4.30985984506981,4,9
122,0.0,1.5,0.2,0.9,4.313066177985929,0,10
123,0.7,1.75,0.4,0.9,4.316451219684387,0,10
124,0.5,1.75,0.1,0.9,4.3168111721552975,0,10
125,0.4,1.75,0.1,0.9,4.317124674655858,0,10
126,0.6,2.75,0.2,0.9,4.3181016607266445,0,10
127,0.3,1.5,0.2,0.9,4.318236502534978,0,10
128,0.7,2.75,0.2,0.9,4.320459549500677,0,10
129,0.7,2.5,0.3,0.9,4.321213385760962,0,10
130,0.7,1.0,0.1,0.9,4.322579394981561,0,10
131,0.5,1.0,0.1,0.9,4.3228300417652035,0,10
132,0.6,1.75,0.4,0.9,4.323993251341643,0,10
133,0.7,2.0,0.4,0.9,4.324864120813424,0,10
134,0.7,0.75,0.75,0.9,4.325461047646813,0,10
135,0.6,3.0,0.1,0.9,4.325635255365138,0,10
136,0.4,2.0,0.1,0.9,4.326216423933298,0,10
137,0.6,0.75,0.8,0.9,4.326740063375568,0,10
138,0.4,1.0,0.1,0.9,4.331780976473679,0,10
139,0.6,0.75,0.75,0.9,4.331940397991339,0,10
140,0.6,2.5,0.3,0.9,4.33306463029799,0,10
141,0.0,1.25,0.2,0.9,4.3335862357314205,0,10
142,0.2,1.25,0.2,0.9,4.334753439309451,0,10
143,0.6,2.25,0.4,0.9,4.334785592997643,0,10
144,0.3,1.0,0.1,0.9,4.338439342204509,0,10
145,0.7,1.5,0.5,0.9,4.340468721559926,0,10
146,0.1,1.0,0.1,0.9,4.340687303235386,0,10
147,0.6,1.0,0.4,0.9,4.340732214649854,0,10
148,0.7,2.75,0.25,0.9,4.341345531529537,0,10
149,0.5,2.0,0.2,0.9,4.341453410443819,0,10
150,0.6,2.75,0.25,0.9,4.342154297819311,0,10
151,0.1,1.25,0.2,0.9,4.343842420140597,0,10
152,0.7,0.75,0.7,0.9,4.34406927092996,0,10
153,0.0,1.75,0.2,0.9,4.344357798007695,0,10
154,0.6,1.5,0.5,0.9,4.344811900842928,0,10
155,0.7,1.0,0.2,0.9,4.34507162622448,0,10
156,0.7,2.25,0.4,0.9,4.345505056427422,0,10
157,0.6,0.75,0.7,0.9,4.348764959731138,0,10
158,0.7,1.0,0.25,0.9,4.350492193067577,0,10
159,0.7,1.75,0.5,0.9,4.350977068150013,0,10
160,0.6,0.75,0.9,0.9,4.3512360322866614,0,10
161,0.2,2.5,0.1,0.9,4.352779445063965,12,9
162,0.7,1.0,0.3,0.9,4.353546211215479,0,10
163,0.7,3.0,0.2,0.9,4.354049344553119,0,10
164,0.2,1.0,0.1,0.9,4.354581379934615,0,10
165,0.1,1.5,0.2,0.9,4.355156618493795,0,10
166,0.7,2.75,0.3,0.9,4.35516580711098,0,10
167,0.3,1.25,0.25,0.9,4.36027120371433,0,10
168,0.5,1.5,0.3,0.9,4.360309922243612,0,10
169,0.7,1.25,0.5,0.9,4.360464357776438,0,10
170,0.4,1.5,0.25,0.9,4.361839378241462,0,10
171,0.7,2.5,0.4,0.9,4.362209616421499,0,10
172,0.7,1.5,0.6,0.9,4.363692628932938,0,10
173,0.6,2.75,0.3,0.9,4.364562501304759,0,10
174,0.4,2.25,0.1,0.9,4.365192414901889,0,10
175,0.6,1.75,0.5,0.9,4.36590258707654,0,10
176,0.7,1.0,0.4,0.9,4.367007064827196,0,10
177,0.6,1.25,0.5,0.9,4.3675057678023235,0,10
178,0.6,3.0,0.2,0.9,4.369729996871913,0,10
179,0.7,2.0,0.5,0.9,4.370612274024141,0,10
180,0.0,2.0,0.2,0.9,4.371617797595771,0,10
181,0.7,0.75,0.6,0.9,4.372827611502877,0,10
182,0.7,3.0,0.25,0.9,4.373425425239817,0,10
183,0.4,2.5,0.1,0.9,4.374170975183685,0,10
184,0.7,1.5,0.7,0.9,4.375538495665574,0,10
185,0.5,1.25,0.3,0.9,4.375659867946425,0,10
186,0.1,1.75,0.2,0.9,4.3764126600698,0,10
187,0.7,2.75,0.4,0.9,4.376954180495539,0,10
188,0.7,1.0,0.75,0.9,4.378156835527458,0,10
189,0.7,1.0,0.7,0.9,4.379413531167793,0,10
190,0.7,1.5,0.75,0.9,4.379807176820041,0,10
191,0.7,2.25,0.5,0.9,4.380475432104515,0,10
192,0.7,1.75,0.6,0.9,4.381424095338401,0,10
193,0.6,2.5,0.4,0.9,4.381481934137927,0,10
194,0.6,0.75,0.6,0.9,4.382091273652633,0,10
195,0.7,1.0,0.5,0.9,4.382229694954813,0,10
196,0.7,3.0,0.3,0.9,4.382962176677906,0,10
197,0.7,1.0,0.8,0.9,4.3833071957488805,0,10
198,0.6,3.0,0.25,0.9,4.383673201361302,0,10
199,0.0,1.0,0.1,0.9,4.383858812730817,0,10
200,0.7,1.0,0.6,0.9,4.383933284325524,0,10
201,0.2,1.5,0.2,0.9,4.384785321145412,0,10
202,0.5,1.75,0.2,0.9,4.385396546781819,0,10
203,0.7,1.5,0.8,0.9,4.3862163517988835,0,10
204,0.5,1.0,0.2,0.9,4.386238403473315,0,10
205,0.5,2.5,0.1,0.9,4.386666324216726,0,10
206,0.0,1.5,0.25,0.9,4.390288370522259,0,10
207,0.4,1.25,0.3,0.9,4.390603954634308,0,10
208,0.0,2.25,0.2,0.9,4.3911150365306835,1,9
209,0.7,2.5,0.5,0.9,4.392160102470827,0,10
210,0.7,3.0,0.4,0.9,4.393599150143727,0,10
211,0.6,1.0,0.5,0.9,4.395202462702551,0,10
212,0.7,1.25,0.6,0.9,4.395559957205379,0,10
213,0.7,0.75,0.5,0.9,4.39566708963683,0,10
214,0.7,2.75,0.5,0.9,4.396034334816225,0,10
215,0.6,3.0,0.3,0.9,4.396447609556777,0,10
216,0.3,1.5,0.25,0.9,4.397549307826457,0,10
217,0.6,2.75,0.4,0.9,4.3980977937770565,0,10
218,0.6,0.75,0.5,0.9,4.398243898594377,0,10
219,0.3,1.75,0.2,0.9,4.399152035982555,0,10
220,0.7,3.0,0.5,0.9,4.400905459634741,0,10
221,0.0,1.25,0.25,0.9,4.4019728073335855,0,10
222,0.3,2.25,0.2,0.9,4.4035891172529755,2,9
223,0.7,1.75,0.7,0.9,4.404037516988192,0,10
224,0.6,2.0,0.5,0.9,4.405231252102574,0,10
225,0.7,1.5,0.9,0.9,4.405736138315126,0,10
226,0.7,3.0,0.6,0.9,4.406714594046707,0,10
227,0.6,1.5,0.6,0.9,4.406731480956232,0,10
228,0.3,2.0,0.2,0.9,4.406823748348503,0,10
229,0.5,2.0,0.25,0.9,4.407521490966838,0,10
230,0.1,2.0,0.2,0.9,4.407602022471469,0,10
231,0.5,2.25,0.2,0.9,4.408521457035242,0,10
232,0.6,0.75,0.4,0.9,4.4091948856907575,0,10
233,0.7,2.0,0.6,0.9,4.410433419185391,0,10
234,0.7,3.0,0.7,0.9,4.411084542698014,0,10
235,0.6,2.25,0.5,0.9,4.412031223523486,0,10
236,0.1,2.25,0.2,0.9,4.4120811503185715,0,10
237,0.7,2.25,0.6,0.9,4.412432162483038,0,10
238,0.7,0.75,0.4,0.9,4.412713714654911,0,10
239,0.6,1.75,0.6,0.9,4.413059142585744,0,10
240,0.7,3.0,0.75,0.9,4.413116799519991,0,10
241,0.7,2.75,0.6,0.9,4.413526085366029,0,10
242,0.5,1.0,0.25,0.9,4.4156322989822,0,10
243,0.7,3.0,0.8,0.9,4.415911330007372,0,10
244,0.7,1.75,0.75,0.9,4.415941829163439,0,10
245,0.6,0.75,0.3,0.9,4.41677956308372,0,10
246,0.6,3.0,0.4,0.9,4.417255404322385,0,10
247,0.7,2.5,0.6,0.9,4.418340443167382,0,10
248,0.6,0.75,0.25,0.9,4.419585116074717,0,10
249,0.6,0.75,0.2,0.9,4.42128546442299,0,10
250,0.7,0.75,0.3,0.9,4.4221735964129145,0,10
251,0.7,3.0,0.9,0.9,4.42283956475063,0,10
252,0.0,1.75,0.25,0.9,4.423187401017329,0,10
253,0.6,0.75,0.1,0.9,4.4255520534651644,0,10
254,0.7,0.75,0.25,0.9,4.425897475326342,0,10
255,0.7,2.75,0.7,0.9,4.4277871484445415,0,10
256,0.1,1.25,0.25,0.9,4.429065023440806,0,10
257,0.7,0.75,0.2,0.9,4.429081805479589,0,10
258,0.7,1.75,0.8,0.9,4.429730234992711,0,10
259,0.7,1.0,0.9,0.9,4.432102392777709,0,10
260,0.6,2.5,0.5,0.9,4.432220442821125,0,10
261,0.7,0.75,0.1,0.9,4.433194972173981,0,10
262,0.0,0.75,0.0,0.9,4.433759156283134,0,10
263,0.1,0.75,0.0,0.9,4.433759156283134,0,10
264,0.2,0.75,0.0,0.9,4.433759156283134,0,10
265,0.3,0.75,0.0,0.9,4.433759156283134,0,10
266,0.4,0.75,0.0,0.9,4.433759156283134,0,10
267,0.5,0.75,0.0,0.9,4.433759156283134,0,10
268,0.6,0.75,0.0,0.9,4.433759156283134,0,10
269,0.7,0.75,0.0,0.9,4.433759156283134,0,10
270,0.7,2.75,0.75,0.9,4.434103319060891,0,10
271,0.4,1.0,0.2,0.9,4.435879438324799,0,10
272,0.5,1.75,0.25,0.9,4.4363735322680595,0,10
273,0.7,3.0,1.0,0.9,4.436448490928973,0,10
274,0.4,2.0,0.2,0.9,4.436772534571537,0,10
275,0.4,1.75,0.2,0.9,4.436875622185046,0,10
276,0.4,1.5,0.3,0.9,4.4376356818116856,0,10
277,0.7,2.5,0.7,0.9,4.439849239982875,0,10
278,0.7,2.75,0.8,0.9,4.440680642391136,0,10
279,0.7,2.25,0.7,0.9,4.442061730785711,0,10
280,0.5,2.0,0.3,0.9,4.443154076301158,0,10
281,0.0,2.5,0.2,0.9,4.443318735434325,9,9
282,0.1,1.5,0.25,0.9,4.443961925162419,0,10
283,0.5,2.25,0.25,0.9,4.4448339681287035,0,10
284,0.2,1.75,0.2,0.9,4.446062256961619,0,10
285,0.6,1.25,0.6,0.9,4.447065585497115,0,10
286,0.6,1.0,0.6,0.9,4.4474854638597,0,10
287,0.7,1.25,0.7,0.9,4.447733310784579,0,10
288,0.5,1.0,0.3,0.9,4.448131541961599,0,10
289,0.7,1.75,0.9,0.9,4.44827646322004,0,10
290,0.7,2.0,0.7,0.9,4.448977375272838,0,10
291,0.6,2.75,0.5,0.9,4.448999823633281,0,10
292,0.7,2.5,0.75,0.9,4.449064257591448,0,10
293,0.7,2.75,0.9,0.9,4.449811210720664,0,10
294,0.5,2.75,0.1,0.9,4.44984062365544,0,10
295,0.2,2.0,0.2,0.9,4.452672658629286,0,10
296,0.0,2.0,0.25,0.9,4.453855270068877,0,10
297,0.3,1.25,0.3,0.9,4.454075601621362,0,10
298,0.7,2.25,0.75,0.9,4.454168301527268,0,10
299,0.6,3.0,0.5,0.9,4.4550812148145225,0,10
300,0.7,2.5,0.8,0.9,4.4579041642336605,0,10
301,0.7,2.25,1.0,0.9,4.459755348762151,0,10
302,0.4,2.25,0.2,0.9,4.4608769634510805,0,10
303,0.6,1.75,0.7,0.9,4.4614718096467065,0,10
304,0.0,1.5,0.3,0.9,4.462539778971511,0,10
305,0.0,2.25,0.25,0.9,4.4625648572594985,1,9
306,0.7,2.25,0.8,0.9,4.463761996585451,0,10
307,0.2,1.25,0.25,0.9,4.46631451131131,0,10
308,0.6,1.5,0.7,0.9,4.466539770535198,0,10
309,0.0,1.25,0.3,0.9,4.46660034009568,0,10
310,0.1,1.75,0.25,0.9,4.467416919117047,0,10
311,0.7,2.0,0.75,0.9,4.469520512633367,0,10
312,0.5,1.5,0.4,0.9,4.469771432297169,0,10
313,0.7,1.25,0.75,0.9,4.469925354797496,0,10
314,0.7,2.75,1.0,0.9,4.471001184154592,0,10
315,0.7,2.5,0.9,0.9,4.471515624600089,0,10
316,0.5,1.75,0.3,0.9,4.4717838495287285,0,10
317,0.7,2.25,0.9,0.9,4.471944910261808,0,10
318,0.2,2.25,0.2,0.9,4.473613486669483,3,9
319,0.4,0.75,0.1,0.9,4.474105059953701,0,10
320,0.3,1.5,0.3,0.9,4.474550004648026,0,10
321,0.3,1.0,0.2,0.9,4.475224290458509,0,10
322,0.1,1.0,0.2,0.9,4.476604845667724,0,10
323,0.5,2.5,0.2,0.9,4.47806098375855,0,10
324,0.3,1.75,0.25,0.9,4.478280279346227,0,10
325,0.6,2.5,0.6,0.9,4.479221408700854,0,10
326,0.4,1.0,0.25,0.9,4.47983614389426,0,10
327,0.7,2.0,0.8,0.9,4.480991612230981,0,10
328,0.5,1.25,0.4,0.9,4.481255868351173,0,10
329,0.5,2.25,0.3,0.9,4.481620161769974,0,10
330,0.7,1.5,1.0,0.9,4.481997331868167,0,10
331,0.6,2.25,0.6,0.9,4.483081744839711,0,10
332,0.5,0.75,0.1,0.9,4.483560577577603,0,10
333,0.7,1.25,0.8,0.9,4.48423939135412,0,10
334,0.6,1.75,0.75,0.9,4.484391598208144,0,10
335,0.7,2.5,1.0,0.9,4.485316214227196,0,10
336,0.0,1.0,0.2,0.9,4.486146099062775,0,10
337,0.6,3.0,0.6,0.9,4.488753001517401,0,10
338,0.7,1.75,1.0,0.9,4.48895357868412,0,10
339,0.0,0.75,0.1,0.9,4.490595979617703,0,10
340,0.6,1.5,0.75,0.9,4.49162439019957,0,10
341,0.6,2.75,0.6,0.9,4.491773607237957,0,10
342,0.0,1.75,0.3,0.9,4.49197774530217,0,10
343,0.2,1.5,0.25,0.9,4.492460947924035,0,10
344,0.5,0.75,0.9,0.9,4.4934940991447725,0,10
345,0.1,0.75,0.1,0.9,4.495183549182369,0,10
346,0.4,1.75,0.25,0.9,4.497135873723584,0,10
347,0.3,2.25,0.25,0.9,4.498590541647713,2,9
348,0.6,1.75,0.8,0.9,4.499122989964492,0,10
349,0.7,2.0,0.9,0.9,4.500565740004172,0,10
350,0.5,3.0,0.1,0.9,4.5006633793655535,0,10
351,0.3,2.0,0.25,0.9,4.503107960408139,0,10
352,0.6,2.0,0.6,0.9,4.504414778278482,0,10
353,0.6,1.0,0.7,0.9,4.506270463141996,0,10
354,0.1,2.5,0.2,0.9,4.509120806615742,4,9
355,0.1,1.25,0.3,0.9,4.51095804419366,0,10
356,0.0,2.5,0.25,0.9,4.511499562705705,9,9
357,0.1,2.0,0.25,0.9,4.511812706929554,0,10
358,0.5,2.5,0.25,0.9,4.512461085247167,0,10
359,0.6,3.0,0.7,0.9,4.512826369971909,0,10
360,0.1,2.25,0.25,0.9,4.51297747946339,0,10
361,0.4,2.0,0.25,0.9,4.513525469941585,0,10
362,0.5,1.0,0.4,0.9,4.514050713288615,0,10
363,0.7,1.25,0.9,0.9,4.514995535060868,0,10
364,0.4,1.0,0.3,0.9,4.515123588595048,0,10
365,0.5,2.0,0.4,0.9,4.51694474306855,0,10
366,0.5,1.75,0.4,0.9,4.517091656254345,0,10
367,0.5,0.75,0.8,0.9,4.51765614851696,0,10
368,0.6,1.75,0.9,0.9,4.5181008124378845,0,10
369,0.5,0.75,0.2,0.9,4.518894462956686,0,10
370,0.6,1.5,0.8,0.9,4.518985357834399,0,10
371,0.1,1.5,0.3,0.9,4.51964489439257,0,10
372,0.7,2.0,1.0,0.9,4.5200768247488154,0,10
373,0.6,2.75,0.7,0.9,4.5206189100301675,0,10
374,0.6,1.25,0.7,0.9,4.5211876049911055,0,10
375,0.6,3.0,0.75,0.9,4.521638352915839,0,10
376,0.0,2.0,0.3,0.9,4.521665053638801,0,10
377,0.6,2.5,0.7,0.9,4.5220611831784,0,10
378,0.4,2.75,0.1,0.9,4.523484233612738,0,10
379,0.0,2.75,0.1,0.9,4.523890357538797,12,9
380,0.5,0.75,0.25,0.9,4.525471057544406,0,10
381,0.3,1.0,0.25,0.9,4.525754949713364,0,10
382,0.0,1.0,0.25,0.9,4.526254628501991,0,10
383,0.0,2.25,0.3,0.9,4.526635695279567,1,9
384,0.5,2.75,0.2,0.9,4.529031045913245,0,10
385,0.6,3.0,0.8,0.9,4.52933144657518,0,10
386,0.4,0.75,0.2,0.9,4.529950251080361,0,10
387,0.2,1.0,0.2,0.9,4.530491003460478,0,10
388,0.3,2.75,0.1,0.9,4.53153315577375,4,9
389,0.6,2.75,0.75,0.9,4.532275360407149,0,10
390,0.3,2.5,0.2,0.9,4.533735449100981,4,9
391,0.5,0.75,0.3,0.9,4.5345734303249845,0,10
392,0.6,2.25,0.7,0.9,4.536129551536062,0,10
393,0.6,2.5,0.75,0.9,4.536528871329868,0,10
394,0.4,1.25,0.4,0.9,4.537287449622276,0,10
395,0.5,1.5,0.5,0.9,4.537594411580543,0,10
396,0.6,1.0,0.75,0.9,4.538190936748789,0,10
397,0.5,1.25,0.5,0.9,4.539931519870163,0,10
398,0.1,1.0,0.25,0.9,4.541118057367421,0,10
399,0.6,2.75,0.8,0.9,4.542473685785537,0,10
400,0.1,1.75,0.3,0.9,4.542678535615908,0,10
401,0.4,2.25,0.25,0.9,4.543063914427392,0,10
402,0.5,2.5,0.3,0.9,4.543757991133527,0,10
403,0.4,1.5,0.4,0.9,4.544154169928909,0,10
404,0.6,3.0,0.9,0.9,4.545960438439759,0,10
405,0.6,2.5,0.8,0.9,4.546495506093782,0,10
406,0.4,0.75,0.25,0.9,4.547571786109841,0,10
407,0.5,1.0,0.9,0.9,4.54834631296402,0,10
408,0.6,1.5,0.9,0.9,4.548503010892531,0,10
409,0.5,0.75,0.75,0.9,4.548906703122518,0,10
410,0.6,2.25,1.0,0.9,4.5489504365081395,0,10
411,0.2,1.75,0.25,0.9,4.548981248056412,0,10
412,0.4,1.75,0.3,0.9,4.549595524614852,0,10
413,0.3,1.75,0.3,0.9,4.550554681631107,0,10
414,0.5,2.25,0.4,0.9,4.551389590736313,0,10
415,0.0,0.75,0.2,0.9,4.551920255011455,0,10
416,0.1,0.75,0.2,0.9,4.553097309697911,0,10
417,0.6,2.25,0.75,0.9,4.553463048645069,0,10
418,0.6,1.25,0.75,0.9,4.554280969782183,0,10
419,0.2,0.75,0.1,0.9,4.5546293274598515,0,10
420,0.3,0.75,0.1,0.9,4.5551845058714004,0,10
421,0.5,1.0,0.5,0.9,4.556416810080816,0,10
422,0.5,0.75,0.4,0.9,4.556506790011682,0,10
423,0.5,1.75,0.5,0.9,4.556571589389588,0,10
424,0.5,2.75,0.25,0.9,4.559412489185993,0,10
425,0.6,2.75,0.9,0.9,4.560119818352485,0,10
426,0.4,2.5,0.2,0.9,4.561747924729879,0,10
427,0.0,1.0,0.3,0.9,4.5617705391801024,0,10
428,0.6,1.75,1.0,0.9,4.561895608879298,0,10
429,0.5,3.0,0.2,0.9,4.563504876177184,0,10
430,0.6,2.5,0.9,0.9,4.565465494234281,0,10
431,0.4,3.0,0.1,0.9,4.566174306828438,0,10
432,0.0,1.25,0.4,0.9,4.568090671090329,0,10
433,0.6,2.25,0.8,0.9,4.568230338418682,0,10
434,0.5,1.25,0.6,0.9,4.568531586593432,0,10
435,0.5,0.75,0.5,0.9,4.5686158393229555,0,10
436,0.6,2.75,1.0,0.9,4.568947283408781,0,10
437,0.0,0.75,0.25,0.9,4.5697103901456595,0,10
438,0.0,1.5,0.4,0.9,4.569764283834957,0,10
439,0.6,2.0,0.7,0.9,4.570420799703738,0,10
440,0.6,1.0,0.8,0.9,4.570726427418809,0,10
441,0.5,0.75,0.7,0.9,4.571292666679341,0,10
442,0.4,0.75,0.3,0.9,4.5721157895827185,0,10
443,0.3,1.0,0.3,0.9,4.572500841412143,0,10
444,0.0,2.5,0.3,0.9,4.573763961061948,9,9
445,0.5,0.75,0.6,0.9,4.573773994403383,0,10
446,0.5,1.0,0.6,0.9,4.574612687121313,0,10
447,0.6,3.0,1.0,0.9,4.576363559274686,0,10
448,0.4,2.0,0.3,0.9,4.579700746150159,0,10
449,0.2,1.25,0.3,0.9,4.582453699478053,0,10
450,0.0,1.75,0.4,0.9,4.583925105287599,0,10
451,0.5,2.0,0.5,0.9,4.584041863415189,0,10
452,0.5,1.75,0.6,0.9,4.584469295015611,0,10
453,0.4,1.0,0.4,0.9,4.58582032138565,0,10
454,0.5,1.5,0.6,0.9,4.585885184690784,0,10
455,0.5,1.0,0.8,0.9,4.587126971283261,0,10
456,0.5,2.75,0.3,0.9,4.587635469910647,0,10
457,0.0,0.75,0.3,0.9,4.587847600723835,0,10
458,0.5,3.0,0.25,0.9,4.5879165385364375,0,10
459,0.6,1.25,0.8,0.9,4.58795086352563,0,10
460,0.6,2.25,0.9,0.9,4.588715487363512,0,10
461,0.0,3.0,0.1,0.9,4.589640663852585,12,9
462,0.1,0.75,0.25,0.9,4.589721422262868,0,10
463,0.3,2.0,0.3,0.9,4.590989117496297,0,10
464,0.5,2.5,0.4,0.9,4.591959175397595,0,10
465,0.3,2.25,0.3,0.9,4.592170739269301,2,9
466,0.2,2.0,0.25,0.9,4.5928326605881145,0,10
467,0.3,0.75,0.2,0.9,4.593265291284329,0,10
468,0.5,1.0,0.7,0.9,4.5935741107224715,0,10
469,0.2,1.5,0.3,0.9,4.593597367366057,0,10
470,0.1,1.0,0.3,0.9,4.594054617819327,0,10
471,0.6,2.0,0.75,0.9,4.597300185479707,0,10
472,0.4,1.5,0.5,0.9,4.597660350532698,0,10
473,0.5,1.0,0.75,0.9,4.597806993112892,0,10
474,0.1,2.5,0.25,0.9,4.6009836824469375,4,9
475,0.1,2.25,0.3,0.9,4.602778468641356,0,10
476,0.6,2.5,1.0,0.9,4.603104778503244,0,10
477,0.1,2.0,0.3,0.9,4.6034241367942945,0,10
478,0.5,1.25,0.7,0.9,4.603714695055818,0,10
479,0.0,0.75,0.9,0.9,4.606478180647237,0,10
480,0.2,2.25,0.25,0.9,4.607408328760728,3,9
481,0.5,3.0,0.3,0.9,4.608378080500127,0,10
482,0.3,2.5,0.25,0.9,4.60842666746596,4,9
483,0.4,2.25,0.3,0.9,4.608792562152385,0,10
484,0.2,1.0,0.25,0.9,4.610123025069536,0,10
485,0.0,0.75,0.4,0.9,4.610553965139118,0,10
486,0.3,0.75,0.25,0.9,4.611247378754587,0,10
487,0.4,0.75,0.4,0.9,4.611309516198621,0,10
488,0.6,2.0,0.8,0.9,4.611919738219998,0,10
489,0.5,1.75,0.7,0.9,4.613091836312513,0,10
490,0.6,1.0,0.9,0.9,4.613187022809691,0,10
491,0.5,2.25,0.5,0.9,4.613954681948189,0,10
492,0.0,1.0,0.4,0.9,4.614298060860862,0,10
493,0.7,1.25,1.0,0.9,4.614802779761387,0,10
494,0.3,1.5,0.4,0.9,4.61506006279516,0,10
495,0.4,2.5,0.25,0.9,4.615631791087679,0,10
496,0.2,0.75,0.2,0.9,4.616299053246475,0,10
497,0.0,0.75,0.8,0.9,4.617147197556783,0,10
498,0.0,2.75,0.2,0.9,4.617710718318372,12,9
499,0.0,2.0,0.4,0.9,4.61946844356417,0,10
500,0.4,1.75,0.4,0.9,4.619561612706593,0,10
501,0.3,1.25,0.4,0.9,4.619826701650372,0,10
502,0.5,1.25,0.75,0.9,4.620384567454796,0,10
503,0.6,1.5,1.0,0.9,4.620879385893204,0,10
504,0.1,0.75,0.3,0.9,4.623826959947546,0,10
505,0.0,0.75,0.5,0.9,4.62429740845579,0,10
506,0.5,1.75,0.75,0.9,4.626863948403863,0,10
507,0.4,1.25,0.5,0.9,4.628245157343041,0,10
508,0.4,1.5,0.6,0.9,4.629392913403669,0,10
509,0.0,0.75,0.75,0.9,4.630894452246349,0,10
510,0.5,2.5,0.5,0.9,4.631817454392683,0,10
511,0.3,0.75,0.3,0.9,4.6331060057657245,0,10
512,0.5,2.75,0.4,0.9,4.63353458307824,0,10
513,0.5,1.25,0.8,0.9,4.63488909546679,0,10
514,0.2,2.5,0.2,0.9,4.635093558183585,12,9
515,0.4,0.75,0.7,0.9,4.636411220848348,0,10
516,0.0,2.25,0.4,0.9,4.637250210568541,1,9
517,0.0,0.75,0.7,0.9,4.639435649494294,0,10
518,0.5,1.5,0.7,0.9,4.63969497121951,0,10
519,0.5,1.75,1.0,0.9,4.641074426148353,0,10
520,0.5,2.0,0.6,0.9,4.6413475594200735,0,10
521,0.0,1.25,0.5,0.9,4.641776627786241,0,10
522,0.2,1.75,0.3,0.9,4.641829816685375,0,10
523,0.5,1.75,0.8,0.9,4.642454290245322,0,10
524,0.4,1.0,0.5,0.9,4.6424709493347285,0,10
525,0.0,1.5,0.5,0.9,4.642494391705917,0,10
526,0.5,1.75,0.9,0.9,4.643274258646753,0,10
527,0.5,3.0,0.4,0.9,4.6458723889609965,0,10
528,0.1,1.25,0.4,0.9,4.646009824264481,0,10
529,0.4,1.75,0.5,0.9,4.646023544575701,0,10
530,0.0,1.75,0.5,0.9,4.646033900233511,0,10
531,0.1,1.5,0.4,0.9,4.6463618412910375,0,10
532,0.0,1.0,0.5,0.9,4.646612481469488,0,10
533,0.4,0.75,0.6,0.9,4.646773047334687,0,10
534,0.0,0.75,0.6,0.9,4.647390981683422,0,10
535,0.4,1.5,0.7,0.9,4.648118881817094,0,10
536,0.4,1.75,0.9,0.9,4.649649863017564,0,10
537,0.4,1.75,0.75,0.9,4.650169519986621,0,10
538,0.4,0.75,0.75,0.9,4.650329355832564,0,10
539,0.4,0.75,0.5,0.9,4.650343469161835,0,10
540,0.4,1.75,0.8,0.9,4.650460245583144,0,10
541,0.6,2.0,0.9,0.9,4.6512471541062865,0,10
542,0.4,1.75,0.6,0.9,4.6515407116167475,0,10
543,0.4,2.5,0.3,0.9,4.651642777000384,0,10
544,0.1,2.75,0.1,0.9,4.652219853555207,5,9
545,0.6,1.25,0.9,0.9,4.652454980673566,0,10
546,0.4,1.75,0.7,0.9,4.6533501208039505,0,10
547,0.4,1.75,1.0,0.9,4.653563159133277,0,10
548,0.0,2.75,0.25,0.9,4.654703594340755,12,9
549,0.5,1.5,0.75,0.9,4.655381350515967,0,10
550,0.3,1.0,0.4,0.9,4.6557109918025255,0,10
551,0.4,2.0,0.4,0.9,4.657737684533224,0,10
552,0.0,1.0,0.6,0.9,4.658503290151351,0,10
553,0.1,1.75,0.4,0.9,4.658850309478977,0,10
554,0.3,1.75,0.4,0.9,4.659359181114915,0,10
555,0.4,1.5,0.75,0.9,4.659370084194896,0,10
556,0.2,0.75,0.25,0.9,4.660995972560941,0,10
557,0.4,0.75,0.8,0.9,4.661423996843104,0,10
558,0.5,2.5,0.6,0.9,4.662147571365153,0,10
559,0.0,3.0,0.2,0.9,4.662166118936365,12,9
560,0.4,1.0,0.6,0.9,4.6652099572281145,0,10
561,0.4,1.5,0.8,0.9,4.665435259677557,0,10
562,0.4,2.75,0.2,0.9,4.6659121091325915,0,10
563,0.5,2.25,0.6,0.9,4.66612787453203,0,10
564,0.5,1.5,0.8,0.9,4.666631285681288,0,10
565,0.0,1.0,0.7,0.9,4.6671100355823585,0,10
566,0.3,1.25,1.0,0.9,4.667428326434634,0,10
567,0.4,1.0,0.9,0.9,4.669046924386195,0,10
568,0.0,1.0,0.9,0.9,4.669963909146509,0,10
569,0.0,1.0,0.8,0.9,4.670382979243759,0,10
570,0.5,2.75,0.5,0.9,4.670723746303185,0,10
571,0.3,2.5,0.3,0.9,4.670778329379296,4,9
572,0.1,2.5,0.3,0.9,4.672044768323196,4,9
573,0.0,2.5,0.4,0.9,4.673145057401254,9,9
574,0.1,1.0,0.4,0.9,4.673235203494963,0,10
575,0.0,1.25,0.6,0.9,4.67377888104747,0,10
576,0.1,0.75,0.4,0.9,4.674045262503748,0,10
577,0.5,1.25,0.9,0.9,4.674363523508961,0,10
578,0.0,1.0,0.75,0.9,4.67472624133756,0,10
579,0.5,3.0,0.5,0.9,4.674877015256139,0,10
580,0.4,1.0,0.7,0.9,4.675151302734751,0,10
581,0.4,2.25,0.4,0.9,4.676267315205818,0,10
582,0.3,3.0,0.1,0.9,4.676592667373672,4,9
583,0.3,1.0,0.9,0.9,4.678241136269292,0,10
584,0.0,2.75,0.3,0.9,4.678633136806684,12,9
585,0.3,1.75,1.0,0.9,4.679315541263615,0,10
586,0.4,1.5,0.9,0.9,4.6817912390320435,0,10
587,0.5,2.5,0.7,0.9,4.682329757556672,0,10
588,0.4,2.25,1.0,0.9,4.683402358618629,0,10
589,0.3,1.5,1.0,0.9,4.6858691390477745,0,10
590,0.4,3.0,0.2,0.9,4.6863063951118376,0,10
591,0.4,1.0,0.75,0.9,4.686908073006284,0,10
592,0.0,1.5,0.6,0.9,4.688178925130598,0,10
593,0.2,1.0,0.3,0.9,4.6888280871555565,0,10
594,0.4,2.75,0.25,0.9,4.6889051378904085,0,10
595,0.3,0.75,0.4,0.9,4.688914602746811,0,10
596,0.4,1.0,0.8,0.9,4.68902808771574,0,10
597,0.0,1.75,0.6,0.9,4.689204142042903,0,10
598,0.4,2.0,1.0,0.9,4.689422598268046,0,10
599,0.5,2.25,1.0,0.9,4.689975366783082,0,10
600,0.0,3.0,0.25,0.9,4.68999391924292,12,9
601,0.3,2.75,0.2,0.9,4.690225424249364,4,9
602,0.4,1.25,0.6,0.9,4.6907181479171545,0,10
603,0.5,2.5,0.75,0.9,4.691034692922348,0,10
604,0.5,2.0,0.7,0.9,4.692486719848289,0,10
605,0.0,2.0,0.5,0.9,4.695642399707426,0,10
606,0.3,0.75,0.75,0.9,4.69567953828481,0,10
607,0.0,1.25,0.7,0.9,4.697125079423721,0,10
608,0.3,0.75,0.7,0.9,4.6971946988481195,0,10
609,0.5,3.0,0.6,0.9,4.697841947570502,0,10
610,0.5,2.5,0.8,0.9,4.6987034265934,0,10
611,0.3,0.75,0.8,0.9,4.6987373199693465,0,10
612,0.4,2.0,0.5,0.9,4.699709021164258,0,10
613,0.5,2.75,0.6,0.9,4.700013202783768,0,10
614,0.5,1.5,0.9,0.9,4.700561649059209,0,10
615,0.6,2.0,1.0,0.9,4.701488242533368,0,10
616,0.5,1.0,1.0,0.9,4.702238176197103,0,10
617,0.4,2.5,0.4,0.9,4.7025997983637,0,10
618,0.3,1.5,0.5,0.9,4.702956667432175,0,10
619,0.4,2.25,0.9,0.9,4.703640955545806,0,10
620,0.4,2.5,1.0,0.9,4.704398148014883,0,10
621,0.3,1.0,0.8,0.9,4.704442418961041,0,10
622,0.4,3.0,0.25,0.9,4.70638191763768,0,10
623,0.5,2.25,0.7,0.9,4.707509306297709,0,10
624,0.4,2.75,0.3,0.9,4.708139569943483,0,10
625,0.0,1.75,0.7,0.9,4.708201312320963,0,10
626,0.0,1.75,0.75,0.9,4.7090651115065025,0,10
627,0.0,3.0,0.3,0.9,4.709395738952893,12,9
628,0.5,2.0,0.75,0.9,4.709586921852401,0,10
629,0.5,2.5,0.9,0.9,4.709596847929716,0,10
630,0.0,1.5,0.7,0.9,4.71111470426658,0,10
631,0.0,1.75,0.8,0.9,4.711148973968917,0,10
632,0.3,1.5,0.8,0.9,4.711959984724878,0,10
633,0.3,1.0,0.75,0.9,4.712063933761045,0,10
634,0.3,1.5,0.9,0.9,4.7121214151228035,0,10
635,0.5,2.0,0.8,0.9,4.712363180862955,0,10
636,0.5,2.5,1.0,0.9,4.71288139566932,0,10
637,0.4,2.25,0.5,0.9,4.712882165315257,0,10
638,0.0,1.25,0.75,0.9,4.713154222417475,0,10
639,0.5,2.0,1.0,0.9,4.7140504458169765,0,10
640,0.4,2.0,0.9,0.9,4.714698677175811,0,10
641,0.3,2.0,0.4,0.9,4.715037213346561,0,10
642,0.2,0.75,0.3,0.9,4.715970915595657,0,10
643,0.5,3.0,0.7,0.9,4.716120725546589,0,10
644,0.4,2.25,0.8,0.9,4.716789072535897,0,10
645,0.2,2.0,0.3,0.9,4.717207879521544,0,10
646,0.3,1.5,0.75,0.9,4.717474235822103,0,10
647,0.3,0.75,0.9,0.9,4.717926929562768,0,10
648,0.1,0.75,0.5,0.9,4.718512779566127,0,10
649,0.3,1.0,0.7,0.9,4.719327243773868,0,10
650,0.4,2.0,0.8,0.9,4.719500417460579,0,10
651,0.4,2.0,0.75,0.9,4.719789071612411,0,10
652,0.3,1.5,0.7,0.9,4.71996444286193,0,10
653,0.3,1.5,0.6,0.9,4.720084034540487,0,10
654,0.1,2.0,0.4,0.9,4.720502789774471,0,10
655,0.4,2.25,0.75,0.9,4.721845379118695,0,10
656,0.3,2.25,0.4,0.9,4.722010255164459,2,9
657,0.4,2.0,0.6,0.9,4.7223548361321335,0,10
658,0.0,2.75,0.4,0.9,4.722355810593779,12,9
659,0.4,3.0,0.3,0.9,4.722457806591093,0,10
660,0.3,1.0,0.5,0.9,4.722466018703997,0,10
661,0.5,2.0,0.9,0.9,4.722928941352235,0,10
662,0.4,2.0,0.7,0.9,4.72293998921759,0,10
663,0.5,2.25,0.75,0.9,4.723273556578878,0,10
664,0.5,3.0,0.75,0.9,4.725317794977473,0,10
665,0.5,2.75,0.7,0.9,4.7253422326156915,0,10
666,0.4,2.25,0.7,0.9,4.7255503764880356,0,10
667,0.3,0.75,0.6,0.9,4.7279034538255775,0,10
668,0.3,1.25,0.5,0.9,4.728366539451849,0,10
669,0.4,2.25,0.6,0.9,4.729045104622336,0,10
670,0.4,0.75,0.9,0.9,4.72938890935394,0,10
671,0.3,2.75,0.25,0.9,4.729949414101534,4,9
672,0.0,1.75,1.0,0.9,4.730177297511679,0,10
673,0.4,2.5,0.9,0.9,4.730444272936463,0,10
674,0.2,2.25,0.3,0.9,4.73052864424661,3,9
675,0.1,1.0,0.5,0.9,4.731116667561882,0,10
676,0.1,2.25,0.4,0.9,4.732710300198798,0,10
677,0.3,1.0,0.6,0.9,4.734016576977358,0,10
678,0.0,1.75,0.9,0.9,4.7340504962376055,0,10
679,0.0,1.25,0.8,0.9,4.734370017832304,0,10
680,0.1,1.25,0.5,0.9,4.735392600968992,0,10
681,0.5,2.25,0.8,0.9,4.735503360292365,0,10
682,0.4,2.5,0.5,0.9,4.735722340352997,0,10
683,0.1,1.5,0.5,0.9,4.735804373073931,0,10
684,0.5,3.0,0.8,0.9,4.735988892841897,0,10
685,0.0,2.25,0.5,0.9,4.736060891145148,1,9
686,0.3,1.75,0.5,0.9,4.73648887301595,0,10
687,0.0,1.5,0.75,0.9,4.73675425839312,0,10
688,0.5,2.75,0.75,0.9,4.73677565380701,0,10
689,0.4,2.75,0.4,0.9,4.7370716200886775,0,10
690,0.1,3.0,0.1,0.9,4.737792759864908,5,9
691,0.3,0.75,0.5,0.9,4.738520170285633,0,10
692,0.3,1.0,1.0,0.9,4.740265988325108,0,10
693,0.1,1.75,0.5,0.9,4.741489601863886,0,10
694,0.5,2.25,0.9,0.9,4.741733285990784,0,10
695,0.4,1.0,1.0,0.9,4.743269956439698,0,10
696,0.0,3.0,0.4,0.9,4.743527372588225,12,9
697,0.4,2.5,0.8,0.9,4.745426813011868,0,10
698,0.4,3.0,0.4,0.9,4.745855026002146,0,10
699,0.0,1.25,1.0,0.9,4.746428036914578,0,10
700,0.3,1.75,0.9,0.9,4.746525896891968,0,10
701,0.1,2.75,0.2,0.9,4.7477738768066455,5,9
702,0.4,1.25,0.7,0.9,4.749482001964244,0,10
703,0.5,2.75,0.8,0.9,4.749995840848401,0,10
704,0.4,2.5,0.75,0.9,4.75215133433381,0,10
705,0.2,2.5,0.25,0.9,4.752323150732356,12,9
706,0.0,1.25,0.9,0.9,4.755016431065586,0,10
707,0.5,3.0,0.9,0.9,4.755584376542593,0,10
708,0.4,2.5,0.6,0.9,4.755817528735446,0,10
709,0.4,2.5,0.7,0.9,4.757722071887594,0,10
710,0.4,2.75,0.5,0.9,4.759235964307574,0,10
711,0.3,1.25,0.6,0.9,4.7592531805673834,0,10
712,0.3,1.75,0.6,0.9,4.760596514218124,0,10
713,0.1,0.75,0.6,0.9,4.760634219157362,0,10
714,0.0,2.0,0.6,0.9,4.760664028714712,0,10
715,0.4,3.0,0.5,0.9,4.762931091166746,0,10
716,0.0,1.5,0.8,0.9,4.764129481100277,0,10
717,0.0,2.5,0.5,0.9,4.764308066818208,9,9
718,0.3,1.75,0.8,0.9,4.764989178492395,0,10
719,0.3,2.75,0.3,0.9,4.766048842336232,4,9
720,0.3,1.25,0.9,0.9,4.766659019724742,0,10
721,0.4,2.75,1.0,0.9,4.767973677279111,0,10
722,0.4,3.0,1.0,0.9,4.768013107923467,0,10
723,0.5,1.5,1.0,0.9,4.769609534855011,0,10
724,0.0,2.75,0.5,0.9,4.769639709411181,12,9
725,0.3,1.75,0.7,0.9,4.76973524547599,0,10
726,0.3,1.75,0.75,0.9,4.770893217688308,0,10
727,0.1,1.0,0.6,0.9,4.771640804247201,0,10
728,0.0,3.0,0.5,0.9,4.772701560461557,12,9
729,0.3,2.5,0.4,0.9,4.773338055593537,4,9
730,0.4,1.5,1.0,0.9,4.774010090243359,0,10
731,0.4,2.75,0.6,0.9,4.7742853162076635,0,10
732,0.4,3.0,0.6,0.9,4.774308883992124,0,10
733,0.5,2.75,0.9,0.9,4.777898298637588,0,10
734,0.3,2.0,1.0,0.9,4.779347891711626,0,10
735,0.1,2.5,0.4,0.9,4.779719989665609,4,9
736,0.2,1.25,0.4,0.9,4.780225715541527,0,10
737,0.0,2.0,1.0,0.9,4.780455986282214,0,10
738,0.2,1.5,0.4,0.9,4.78069756398621,0,10
739,0.4,3.0,0.7,0.9,4.7834077742799535,0,10
740,0.4,1.25,0.75,0.9,4.783549487488195,0,10
741,0.1,2.75,0.25,0.9,4.783989993622758,5,9
742,0.3,3.0,0.2,0.9,4.784327099477907,4,9
743,0.3,1.25,0.7,0.9,4.7844208772393815,0,10
744,0.4,2.75,0.7,0.9,4.785089244879024,0,10
745,0.2,2.75,0.1,0.9,4.78586876140392,12,9
746,0.1,1.0,0.7,0.9,4.786294438430053,0,10
747,0.5,3.0,1.0,0.9,4.786775413392888,0,10
748,0.1,1.75,1.0,0.9,4.786827554446458,0,10
749,0.3,1.25,0.8,0.9,4.786868482914005,0,10
750,0.4,3.0,0.75,0.9,4.788038950103177,0,10
751,0.1,1.0,0.75,0.9,4.788110106505598,0,10
752,0.3,1.25,0.75,0.9,4.788145660445139,0,10
753,0.4,2.75,0.75,0.9,4.789621189247504,0,10
754,0.0,2.0,0.7,0.9,4.791755583305844,0,10
755,0.4,3.0,0.8,0.9,4.792182927245496,0,10
756,0.4,2.75,0.8,0.9,4.794321358240709,0,10
757,0.1,1.25,0.6,0.9,4.795594289842717,0,10
758,0.0,3.0,0.6,0.9,4.795616209330738,12,9
759,0.4,2.75,0.9,0.9,4.7965654386130545,0,10
760,0.1,1.0,0.8,0.9,4.797139256522,0,10
761,0.0,2.0,0.75,0.9,4.797334614703427,0,10
762,0.1,1.75,0.6,0.9,4.797670520631069,0,10
763,0.1,1.5,0.6,0.9,4.798044483215795,0,10
764,0.0,2.0,0.9,0.9,4.798668990589104,0,10
765,0.0,2.0,0.8,0.9,4.799021624926099,0,10
766,0.4,3.0,0.9,0.9,4.800583983948754,0,10
767,0.5,1.25,1.0,0.9,4.802054259277125,0,10
768,0.3,3.0,0.25,0.9,4.80248312952854,4,9
769,0.1,0.75,0.7,0.9,4.803002509877858,0,10
770,0.1,2.0,0.5,0.9,4.8040807105486225,0,10
771,0.2,1.75,0.4,0.9,4.804572619244969,0,10
772,0.3,2.0,0.5,0.9,4.80461121385583,0,10
773,0.4,1.25,1.0,0.9,4.804967401208319,0,10
774,0.1,1.25,0.7,0.9,4.806339732425342,0,10
775,0.1,2.75,0.3,0.9,4.80750598079456,5,9
776,0.0,2.75,0.6,0.9,4.8103026868066046,12,9
777,0.1,0.75,1.0,0.9,4.811605118075882,0,10
778,0.1,1.25,0.75,0.9,4.8118413728962155,0,10
779,0.1,3.0,0.2,0.9,4.813350059522493,5,9
780,0.5,2.75,1.0,0.9,4.81509668876894,0,10
781,0.0,3.0,0.7,0.9,4.816110084995203,12,9
782,0.4,1.25,0.8,0.9,4.817849686065252,0,10
783,0.3,3.0,0.3,0.9,4.818014398171604,4,9
784,0.2,1.0,0.4,0.9,4.819816045663421,0,10
785,0.0,1.5,0.9,0.9,4.822269506186448,0,10
786,0.3,2.25,0.5,0.9,4.823373417557186,2,9
787,0.0,3.0,0.75,0.9,4.8257277910525,12,9
788,0.1,1.25,0.8,0.9,4.826225391340987,0,10
789,0.1,1.75,0.7,0.9,4.827064168274068,0,10
790,0.1,1.0,0.9,0.9,4.828309010014061,0,10
791,0.0,2.25,0.6,0.9,4.829951605994338,1,9
792,0.1,0.75,0.75,0.9,4.830114798948917,0,10
793,0.3,2.75,0.4,0.9,4.830947279018336,4,9
794,0.1,1.5,0.7,0.9,4.8319079250632395,0,10
795,0.1,3.0,0.25,0.9,4.833844634887971,5,9
796,0.2,0.75,0.4,0.9,4.834475429967979,0,10
797,0.0,3.0,0.8,0.9,4.83506528153992,12,9
798,0.1,2.25,0.5,0.9,4.836606778943772,0,10
799,0.6,1.25,1.0,0.9,4.837959233814082,0,10
800,0.0,2.75,0.7,0.9,4.838691841968844,12,9
801,0.4,1.25,0.9,0.9,4.839190818856869,0,10
802,0.1,1.25,1.0,0.9,4.841241058591924,0,10
803,0.2,2.5,0.3,0.9,4.841444893186703,12,9
804,0.1,1.75,0.75,0.9,4.842919106522927,0,10
805,0.6,1.0,1.0,0.9,4.842964214031273,0,10
806,0.1,3.0,0.3,0.9,4.845393720002127,5,9
807,0.1,1.5,0.75,0.9,4.846572111950509,0,10
808,0.1,2.75,0.4,0.9,4.847166704084972,5,9
809,0.3,3.0,0.4,0.9,4.847724766893486,4,9
810,0.3,2.5,0.5,0.9,4.849379239341703,4,9
811,0.0,2.5,0.6,0.9,4.850702112579644,9,9
812,0.0,2.75,0.75,0.9,4.851555790276217,12,9
813,0.1,0.75,0.8,0.9,4.851582540188348,0,10
814,0.0,3.0,1.0,0.9,4.851608087979868,12,9
815,0.1,0.75,0.9,0.9,4.852738184629366,0,10
816,0.0,3.0,0.9,0.9,4.852838454930135,12,9
817,0.0,1.5,1.0,0.9,4.853618992871999,0,10
818,0.3,2.0,0.6,0.9,4.85374212985627,0,10
819,0.1,1.75,0.8,0.9,4.854983978817423,0,10
820,0.2,1.75,1.0,0.9,4.855083593829064,0,10
821,0.3,2.0,0.9,0.9,4.855407206657544,0,10
822,0.1,1.5,0.8,0.9,4.856238951001863,0,10
823,0.3,2.25,1.0,0.9,4.85970353040531,2,9
824,0.1,2.0,0.6,0.9,4.8610481006416055,0,10
825,0.0,2.75,0.8,0.9,4.8638124485499885,12,9
826,0.1,1.75,0.9,0.9,4.865517274706144,0,10
827,0.1,2.5,0.5,0.9,4.867076587635557,4,9
828,0.1,3.0,0.4,0.9,4.868523553460926,5,9
829,0.3,2.75,0.5,0.9,4.870792824253962,4,9
830,0.1,1.25,0.9,0.9,4.871226424366721,0,10
831,0.3,3.0,0.5,0.9,4.871863139662704,4,9
832,0.3,2.0,0.8,0.9,4.872158314662762,0,10
833,0.3,2.0,0.7,0.9,4.8733129001021505,0,10
834,0.3,2.0,0.75,0.9,4.873711589555977,0,10
835,0.2,1.5,1.0,0.9,4.878238383961717,0,10
836,0.1,1.5,1.0,0.9,4.8796886343535,0,10
837,0.3,2.25,0.6,0.9,4.8803490950209305,2,9
838,0.1,1.5,0.9,0.9,4.883022419905682,0,10
839,0.1,2.75,0.5,0.9,4.883208066951383,5,9
840,0.1,2.0,0.7,0.9,4.886890611350595,0,10
841,0.1,3.0,0.5,0.9,4.887170437954699,5,9
842,0.0,2.75,0.9,0.9,4.887277960844283,12,9
843,0.3,2.5,1.0,0.9,4.888698735133865,4,9
844,0.3,3.0,0.6,0.9,4.89083699367362,4,9
845,0.0,2.25,0.7,0.9,4.897537142264972,1,9
846,0.1,2.0,0.75,0.9,4.899418750186417,0,10
847,0.3,2.75,0.6,0.9,4.902275591825856,4,9
848,0.1,3.0,0.6,0.9,4.902279258906943,5,9
849,0.3,2.5,0.6,0.9,4.902842465966481,4,9
850,0.0,2.75,0.0,0.9,4.903251834280986,46,7
851,0.1,2.75,0.0,0.9,4.903251834280986,46,7
852,0.2,2.75,0.0,0.9,4.903251834280986,46,7
853,0.3,2.75,0.0,0.9,4.903251834280986,46,7
854,0.4,2.75,0.0,0.9,4.903251834280986,46,7
855,0.5,2.75,0.0,0.9,4.903251834280986,46,7
856,0.6,2.75,0.0,0.9,4.903251834280986,46,7
857,0.7,2.75,0.0,0.9,4.903251834280986,46,7
858,0.3,3.0,0.7,0.9,4.906583639941019,4,9
859,0.2,2.0,0.4,0.9,4.90694410618968,0,10
860,0.0,2.75,1.0,0.9,4.908229060236669,12,9
861,0.1,2.0,1.0,0.9,4.908907824020563,0,10
862,0.3,2.25,0.7,0.9,4.911390661227285,2,9
863,0.1,2.75,0.6,0.9,4.913581983849283,5,9
864,0.3,3.0,0.75,0.9,4.914021188783408,4,9
865,0.1,3.0,0.7,0.9,4.915147358943093,5,9
866,0.1,2.0,0.8,0.9,4.915268184326522,0,10
867,0.1,2.25,0.6,0.9,4.917267027439787,0,10
868,0.2,1.5,0.5,0.9,4.918826179796235,0,10
869,0.2,1.0,0.5,0.9,4.919038014014036,0,10
870,0.3,2.25,0.75,0.9,4.919679320234535,2,9
871,0.0,2.25,0.75,0.9,4.919995854948434,1,9
872,0.2,0.75,0.5,0.9,4.920702738768027,0,10
873,0.1,3.0,0.75,0.9,4.920755530965852,5,9
874,0.3,3.0,0.8,0.9,4.921647566909204,4,9
875,0.2,2.25,0.4,0.9,4.92164885927313,3,9
876,0.1,3.0,0.8,0.9,4.926004354393551,5,9
877,0.0,2.5,0.7,0.9,4.926255360743665,9,9
878,0.2,3.0,0.1,0.9,4.926500088550411,12,9
879,0.2,1.75,0.5,0.9,4.926965360937892,0,10
880,0.3,2.25,0.8,0.9,4.927472417590918,2,9
881,0.3,2.75,0.7,0.9,4.9275058772091835,4,9
882,0.2,2.75,0.2,0.9,4.929776617218071,12,9
883,0.3,2.5,0.9,0.9,4.931678565678993,4,9
884,0.1,2.0,0.9,0.9,4.932756455026527,0,10
885,0.3,2.25,0.9,0.9,4.933386839807269,2,9
886,0.0,2.0,0.0,0.9,4.9335969021326385,46,7
887,0.1,2.0,0.0,0.9,4.9335969021326385,46,7
888,0.2,2.0,0.0,0.9,4.9335969021326385,46,7
889,0.3,2.0,0.0,0.9,4.9335969021326385,46,7
890,0.4,2.0,0.0,0.9,4.9335969021326385,46,7
891,0.5,2.0,0.0,0.9,4.9335969021326385,46,7
892,0.6,2.0,0.0,0.9,4.9335969021326385,46,7
893,0.7,2.0,0.0,0.9,4.9335969021326385,46,7
894,0.3,3.0,0.9,0.9,4.934184062976963,4,9
895,0.3,2.5,0.7,0.9,4.934659467732027,4,9
896,0.1,3.0,0.9,0.9,4.9354851854566455,5,9
897,0.0,2.25,0.8,0.9,4.9362023433566495,1,9
898,0.1,2.75,0.7,0.9,4.93887186386682,5,9
899,0.1,2.5,0.6,0.9,4.939429572455329,4,9
900,0.3,2.75,0.75,0.9,4.939775510794749,4,9
901,0.3,3.0,1.0,0.9,4.940512818809635,4,9
902,0.3,2.5,0.8,0.9,4.9410498448982345,4,9
903,0.3,2.5,0.75,0.9,4.941352502321373,4,9
904,0.2,1.25,0.5,0.9,4.9416429642261654,0,10
905,0.1,3.0,1.0,0.9,4.9451744313056265,5,9
906,0.1,2.75,0.75,0.9,4.948828776390628,5,9
907,0.0,2.25,0.9,0.9,4.950131664257016,1,9
908,0.0,2.25,1.0,0.9,4.952027915021041,1,9
909,0.3,2.75,0.8,0.9,4.952258511652442,4,9
910,0.0,2.5,0.75,0.9,4.953270729236977,9,9
911,0.1,2.75,0.8,0.9,4.955644392037249,5,9
912,0.2,0.75,0.6,0.9,4.959411292218744,0,10
913,0.0,2.5,0.8,0.9,4.963413582911682,9,9
914,0.1,2.75,0.9,0.9,4.969954774434968,5,9
915,0.2,1.0,0.6,0.9,4.971171758837026,0,10
916,0.7,1.0,1.0,0.9,4.9748644373304405,5,8
917,0.3,2.75,0.9,0.9,4.9750573552527735,4,9
918,0.3,2.75,1.0,0.9,4.975911576099098,4,9
919,0.1,2.25,0.7,0.9,4.976059960965062,0,10
920,0.0,2.5,0.9,0.9,4.98118598956518,9,9
921,0.2,1.5,0.9,0.9,4.983223283367446,0,10
922,0.2,0.75,0.7,0.9,4.9833715675715045,0,10
923,0.2,1.5,0.6,0.9,4.984234574341953,0,10
924,0.2,2.75,0.25,0.9,4.984493661699568,12,9
925,0.0,0.75,1.0,0.9,4.985617101097289,0,10
926,0.2,2.5,0.4,0.9,4.987435848911439,12,9
927,0.2,1.0,0.7,0.9,4.988323940618684,0,10
928,0.1,2.5,0.7,0.9,4.989192952158813,4,9
929,0.1,2.25,0.75,0.9,4.991130188530844,0,10
930,0.1,1.0,1.0,0.9,4.9922410425207415,0,10
931,0.2,1.5,0.8,0.9,4.992631644205611,0,10
932,0.2,0.75,0.75,0.9,4.993140535122084,0,10
933,0.2,1.25,0.6,0.9,4.993219130643919,0,10
934,0.2,0.75,0.8,0.9,4.995099991292075,0,10
935,0.1,2.5,0.75,0.9,4.996806264586313,4,9
936,0.0,1.0,1.0,0.9,4.996937296994386,0,10
937,0.2,1.0,0.8,0.9,4.9977462535966986,0,10
938,0.2,1.0,0.75,0.9,4.998874072688956,0,10
939,0.2,1.75,0.6,0.9,4.999389188214774,0,10
940,0.1,2.75,1.0,0.9,4.999613168069198,5,9
941,0.0,2.5,1.0,0.9,5.002201820004652,9,9
942,0.1,2.5,0.8,0.9,5.002777503490069,4,9
943,0.1,2.25,0.8,0.9,5.002896406384375,0,10
944,0.2,1.5,0.75,0.9,5.003244236864721,0,10
945,0.2,1.0,0.9,0.9,5.0032683133971485,0,10
946,0.2,1.75,0.9,0.9,5.007961856993064,0,10
947,0.2,0.75,0.9,0.9,5.010608049851154,0,10
948,0.2,1.5,0.7,0.9,5.012578766437029,0,10
949,0.1,2.25,1.0,0.9,5.013105487299875,0,10
950,0.1,2.5,0.9,0.9,5.016023926950832,4,9
951,0.2,2.75,0.3,0.9,5.020362307212133,12,9
952,0.2,3.0,0.2,0.9,5.02838268341071,12,9
953,0.2,1.75,0.8,0.9,5.028527107619485,0,10
954,0.1,2.25,0.9,0.9,5.02926093854953,0,10
955,0.2,1.75,0.75,0.9,5.031618020165247,0,10
956,0.2,2.0,0.5,0.9,5.031936985358489,0,10
957,0.2,1.75,0.7,0.9,5.03351152846996,0,10
958,0.2,1.25,0.7,0.9,5.039045548187249,0,10
959,0.1,2.5,1.0,0.9,5.040759273662876,4,9
960,0.2,1.25,0.75,0.9,5.052840664242096,0,10
961,0.2,2.0,1.0,0.9,5.058123982050377,0,10
962,0.2,3.0,0.25,0.9,5.059974444231727,12,9
963,0.2,2.25,0.5,0.9,5.0610367581932225,3,9
964,0.2,2.25,1.0,0.9,5.066299759566905,3,9
965,0.2,1.25,0.8,0.9,5.0677363967165885,0,10
966,0.2,3.0,0.3,0.9,5.068349741275762,12,9
967,0.2,2.75,0.4,0.9,5.0690076527317816,12,9
968,0.2,2.5,0.5,0.9,5.077284083203324,12,9
969,0.2,3.0,0.4,0.9,5.083169931762729,12,9
970,0.2,3.0,0.5,0.9,5.098673630192864,12,9
971,0.2,2.75,0.5,0.9,5.099225692488292,12,9
972,0.2,0.75,1.0,0.9,5.10686390450278,0,10
973,0.2,2.0,0.6,0.9,5.110188846054749,0,10
974,0.2,2.25,0.6,0.9,5.1109261657414224,3,9
975,0.2,2.5,0.6,0.9,5.113300042061659,12,9
976,0.2,3.0,0.6,0.9,5.113536144606496,12,9
977,0.2,1.0,1.0,0.9,5.11654700831977,0,10
978,0.0,1.75,0.0,0.9,5.116817309978245,36,7
979,0.1,1.75,0.0,0.9,5.116817309978245,36,7
980,0.2,1.75,0.0,0.9,5.116817309978245,36,7
981,0.3,1.75,0.0,0.9,5.116817309978245,36,7
982,0.4,1.75,0.0,0.9,5.116817309978245,36,7
983,0.5,1.75,0.0,0.9,5.116817309978245,36,7
984,0.6,1.75,0.0,0.9,5.116817309978245,36,7
985,0.7,1.75,0.0,0.9,5.116817309978245,36,7
986,0.2,1.25,0.9,0.9,5.120084429010944,0,10
987,0.0,3.0,0.0,0.9,5.123446316511295,40,6
988,0.1,3.0,0.0,0.9,5.123446316511295,40,6
989,0.2,3.0,0.0,0.9,5.123446316511295,40,6
990,0.3,3.0,0.0,0.9,5.123446316511295,40,6
991,0.4,3.0,0.0,0.9,5.123446316511295,40,6
992,0.5,3.0,0.0,0.9,5.123446316511295,40,6
993,0.6,3.0,0.0,0.9,5.123446316511295,40,6
994,0.7,3.0,0.0,0.9,5.123446316511295,40,6
995,0.2,2.75,0.6,0.9,5.126795207390692,12,9
996,0.2,3.0,0.7,0.9,5.129615470327878,12,9
997,0.2,2.5,1.0,0.9,5.1309534607345935,12,9
998,0.2,3.0,0.75,0.9,5.137800410637543,12,9
999,0.2,2.5,0.7,0.9,5.139096545750347,12,9
1000,0.2,2.25,0.9,0.9,5.1411829905870645,3,9
1001,0.2,1.25,1.0,0.9,5.144976420922117,0,10
1002,0.2,2.25,0.7,0.9,5.145263141830853,3,9
1003,0.2,2.75,0.7,0.9,5.145413164476853,12,9
1004,0.2,2.5,0.75,0.9,5.146640927439914,12,9
1005,0.2,3.0,0.8,0.9,5.147204683267303,12,9
1006,0.2,2.0,0.9,0.9,5.1476508193002966,0,10
1007,0.2,2.5,0.8,0.9,5.151109809048174,12,9
1008,0.2,2.0,0.7,0.9,5.151682928293081,0,10
1009,0.2,2.5,0.9,0.9,5.15328014122685,12,9
1010,0.2,2.75,0.75,0.9,5.155283849894872,12,9
1011,0.2,2.25,0.75,0.9,5.156149809811772,3,9
1012,0.2,2.25,0.8,0.9,5.162014519958171,3,9
1013,0.2,2.0,0.75,0.9,5.1626691134695335,0,10
1014,0.2,2.0,0.8,0.9,5.162712115004288,0,10
1015,0.2,3.0,0.9,0.9,5.165298272932025,12,9
1016,0.2,2.75,0.8,0.9,5.166232307763992,12,9
1017,0.2,3.0,1.0,0.9,5.171662408148807,12,9
1018,0.2,2.75,0.9,0.9,5.186247045559089,12,9
1019,0.2,2.75,1.0,0.9,5.198614839781273,12,9
1020,0.3,0.75,1.0,0.9,5.224934132978035,0,10
1021,0.0,2.5,0.0,0.9,5.2293601923171,46,6
1022,0.1,2.5,0.0,0.9,5.2293601923171,46,6
1023,0.2,2.5,0.0,0.9,5.2293601923171,46,6
1024,0.3,2.5,0.0,0.9,5.2293601923171,46,6
1025,0.4,2.5,0.0,0.9,5.2293601923171,46,6
1026,0.5,2.5,0.0,0.9,5.2293601923171,46,6
1027,0.6,2.5,0.0,0.9,5.2293601923171,46,6
1028,0.7,2.5,0.0,0.9,5.2293601923171,46,6
1029,0.4,0.75,1.0,0.9,5.271907249976741,0,10
1030,0.0,2.25,0.0,0.9,5.316084827184463,51,6
1031,0.1,2.25,0.0,0.9,5.316084827184463,51,6
1032,0.2,2.25,0.0,0.9,5.316084827184463,51,6
1033,0.3,2.25,0.0,0.9,5.316084827184463,51,6
1034,0.4,2.25,0.0,0.9,5.316084827184463,51,6
1035,0.5,2.25,0.0,0.9,5.316084827184463,51,6
1036,0.6,2.25,0.0,0.9,5.316084827184463,51,6
1037,0.7,2.25,0.0,0.9,5.316084827184463,51,6
1038,0.7,0.75,1.0,0.9,5.378364867218831,32,8
1039,0.5,0.75,1.0,0.9,5.62763324549421,4,9
1040,0.6,0.75,1.0,0.9,5.789772034892734,25,8
